SYMBOL,UNDERLYING ASSET,OPEN,HIGH,LOW,PREV.CLOSE,LTP,CHNG,%CHNG,VOLUME,VALUE,NAV,52W H,52W L,30D %CHNG,365 D,365 D %CHNG,30 D
BBNPPGOLD,Baroda BNP Paribas Gold ETF,63.30,63.30,61.55,59.35,61.85,2.50,4.21,4042,0.03,61.60,65.00,56.00,-,-,-,-
MOQUALITY,Motilal Oswal S&P BSE Quality ETF,165.21,165.97,165.18,162.65,165.97,3.32,2.04,19,-,163.91,170.00,101.02,3.71,16-Jan-2023,35.13,19-Dec-2023
KOTAKALPHA,NIFTY Alpha 50 Index,42.64,43.49,42.64,42.64,43.45,0.81,1.90,1,15,740,0.50,42.68,43.49,24.19,3.9,18-Jan-2023,50.35,19-Dec-2023
MASPTOP50,S&P 500 Top 50 Total Return Index,35.45,35.79,35.14,35.13,35.73,0.60,1.71,30,143,0.11,35.70,36.25,25.61,0.75,18-Jan-2023,35.38,19-Dec-2023
MOVALUE,Motilal Oswal S&P BSE Enhanced Value ETF,81.60,82.64,81.60,81.22,82.43,1.21,1.49,11,472,0.09,81.18,87.22,46.33,3.41,18-Jan-2023,60.39,19-Dec-2023
CPSEETF,CPSE ETF,69.90,69.90,68.63,68.62,69.58,0.96,1.40,8,79,543,6.12,68.43,70.30,37.01,5.67,18-Jan-2023,78.28,19-Dec-2023
MAFANG,NYSE FANG+ Total Return Index,72.09,72.44,71.62,71.39,72.39,1.00,1.40,2,29,233,1.66,72.56,74.50,38.05,-1.08,18-Jan-2023,83.43,19-Dec-2023
IVZINNIFTY,Nifty 50,2,402.11,2,420.00,2,402.11,2,387.80,2,419.99,32.19,1.35,3,-,2,390.37,2,465.18,1,860.95,-0.5,-,-,19-Dec-2023
ICICIB22,S&P BSE BHARAT 22 index,94.00,94.00,92.00,92.54,93.74,1.20,1.30,1,83,833,1.72,92.38,94.80,55.53,3.55,18-Jan-2023,59.09,19-Dec-2023
ALPHAETF,Mirae Asset Nifty 200 Alpha 30 ETF,21.34,21.44,21.21,21.17,21.44,0.27,1.28,10,236,0.02,21.15,22.02,16.56,1.88,-,-,19-Dec-2023
HDFCSML250,HDFC NIFTY Smallcap 250 ETF,145.48,146.50,144.56,144.34,146.17,1.83,1.27,66,085,0.97,144.32,147.44,85.00,3.76,-,-,19-Dec-2023
HDFCVALUE,HDFC NIFTY50 Value 20 ETF,122.00,122.00,120.18,119.44,120.92,1.48,1.24,226,-,119.35,126.80,88.90,2.09,18-Jan-2023,25.69,19-Dec-2023
DIVOPPBEES,Nifty Dividend Opportunities 50 TRI,67.45,71.65,67.45,69.55,70.41,0.86,1.24,7,778,0.05,69.54,72.40,46.69,3.37,18-Jan-2023,41.13,19-Dec-2023
UTINEXT50,Nifty Next 50,57.60,57.66,57.27,56.93,57.59,0.66,1.16,2,254,0.01,57.03,58.70,38.44,2.54,18-Jan-2023,28.13,19-Dec-2023
TNIDETF,Nifty India Digital Index,77.34,78.97,77.07,77.34,78.24,0.90,1.16,15,717,0.12,77.09,80.91,50.60,3.04,18-Jan-2023,40.52,19-Dec-2023
ALPL30IETF,Nifty Alpha Low-Volatility 30 Index,242.10,244.88,242.01,242.10,244.78,2.68,1.11,21,519,0.53,241.67,250.49,167.06,-,-,-,-
NV20BEES,Nifty50 Value20 TRI,134.97,135.04,134.17,133.19,134.67,1.48,1.11,9,030,0.12,133.00,137.85,99.35,2.55,18-Jan-2023,26.92,19-Dec-2023
MOM30IETF,ICICI Prudential Nifty 200 Momentum 30 ETF,28.47,28.47,28.17,28.07,28.38,0.31,1.10,62,038,0.18,28.04,28.92,17.85,-,-,-,-
SENSEXIETF,SENSEX,799.97,802.83,797.95,791.91,800.41,8.50,1.07,635,0.05,793.75,819.64,780.51,-,-,-,-
PSUBNKIETF,ICICI Prudential Nifty PSU Bank ETF,59.65,59.94,59.29,58.96,59.59,0.63,1.07,3,82,113,2.28,59.04,60.74,35.34,-,-,-,-
INFRABEES,Nifty Infra,789.97,791.20,785.99,781.54,789.93,8.39,1.07,3,851,0.30,781.27,799.98,514.80,4.92,18-Jan-2023,41.90,19-Dec-2023
MON100,Nasdaq100,136.10,137.69,136.10,135.73,137.15,1.42,1.05,5,25,971,7.22,137.85,141.25,90.26,0.33,18-Jan-2023,46.72,19-Dec-2023
MIDCAPIETF,Nifty Midcap 150,178.85,180.18,178.68,178.03,179.87,1.84,1.03,29,464,0.53,177.93,181.51,112.27,-,-,-,-
MIDSELIETF,S&P BSE Midcap Select Index,140.80,141.90,140.80,140.20,141.64,1.44,1.03,1,901,0.03,140.10,146.25,132.16,-,-,-,-
MOMENTUM,Aditya Birla Sun Life Nifty 200 Momentum 30 ETF,28.50,28.50,28.04,27.92,28.20,0.28,1.00,1,889,0.01,27.88,29.21,17.33,1.68,18-Jan-2023,44.81,19-Dec-2023
CONSUMIETF,Nifty India Consumption Index,97.14,97.78,97.14,96.83,97.78,0.95,0.98,1,387,0.01,96.67,108.00,71.00,-,-,-,-
MID150BEES,Nifty Midcap 150 TRI,183.55,183.55,178.03,178.22,179.96,1.74,0.98,70,497,1.27,178.24,183.99,112.00,3.22,18-Jan-2023,47.75,19-Dec-2023
HDFCNEXT50,HDFC NIFTY NEXT 50 ETF,54.55,55.00,54.51,54.31,54.84,0.53,0.98,6,757,0.04,54.24,57.50,36.75,2.88,18-Jan-2023,-87.08,19-Dec-2023
UTISXN50,BSE Sensex Next 50,69.37,70.01,69.37,69.18,69.85,0.67,0.97,381,-,69.18,78.00,40.36,2.13,18-Jan-2023,36.64,19-Dec-2023
NV20IETF,Nifty50 Value 20,133.10,133.10,130.00,129.70,130.96,1.26,0.97,13,783,0.18,129.56,135.65,123.20,-,-,-,-
MIDCAPETF,Mirae Asset Mutual Fund - Mirae Asset Nifty Midcap 150 ETF,18.10,18.10,17.51,17.56,17.73,0.17,0.97,94,340,0.17,17.56,18.10,10.75,3.35,-,-,19-Dec-2023
JUNIORBEES,Nifty Next 50,578.70,580.00,573.57,573.57,579.01,5.44,0.95,27,317,1.58,572.74,599.95,384.60,3.03,18-Jan-2023,28.75,19-Dec-2023
ABSLNN50ET,Nifty Next 50,57.00,57.00,55.90,55.70,56.23,0.53,0.95,2,938,0.02,55.61,57.00,37.52,3.21,18-Jan-2023,29.14,19-Dec-2023
KOTAKMID50,Nifty Midcap 50 Index,135.65,135.79,134.93,134.19,135.47,1.28,0.95,6,618,0.09,134.38,137.68,82.70,2.2,18-Jan-2023,52.54,19-Dec-2023
PSUBNKBEES,Nifty PSU Bank,65.00,66.14,65.00,65.14,65.76,0.62,0.95,27,79,884,18.32,65.19,66.60,39.10,1.77,18-Jan-2023,39.37,19-Dec-2023
NEXT50,Nifty Next 50,549.10,551.99,548.79,544.83,549.91,5.08,0.93,1,073,0.06,545.89,557.70,372.00,2.89,-,-,19-Dec-2023
BSE500IETF,S&P BSE 500 index,32.93,32.93,32.59,32.58,32.88,0.30,0.92,65,877,0.22,32.52,33.69,23.71,-,-,-,-
HDFCNIFIT,HDFC NIFTY IT ETF,378.50,380.97,375.30,373.26,376.63,3.37,0.90,630,0.02,372.82,385.97,262.75,3.88,18-Jan-2023,27.11,19-Dec-2023
SETFNN50,Nifty Next 50,571.79,573.81,569.18,567.83,572.93,5.10,0.90,2,559,0.15,566.93,579.80,385.13,2.98,18-Jan-2023,28.50,19-Dec-2023
TECH,Nifty IT TRI Index,38.00,38.63,38.00,37.89,38.23,0.34,0.90,14,448,0.06,37.96,40.40,26.63,3.55,18-Jan-2023,25.55,19-Dec-2023
INFRAIETF,ICICI Prudential Nifty Infrastructure ETF,78.48,78.48,76.51,77.13,77.82,0.69,0.89,23,528,0.18,76.97,81.00,50.40,-,-,-,-
FINIETF,ICICI Prudential Nifty Financial Services Ex-Bank ETF,22.95,22.95,22.59,22.47,22.67,0.20,0.89,11,918,0.03,22.44,23.50,15.21,-,-,-,-
COMMOIETF,ICICI Prudential Nifty Commodities ETF,77.91,77.98,76.87,76.51,77.18,0.67,0.88,4,010,0.03,76.39,79.17,53.75,-,-,-,-
BFSI,Nifty Financial Services Index,21.17,21.17,20.80,20.67,20.85,0.18,0.87,1,08,579,0.23,20.65,22.45,17.35,-5.14,-,-,19-Dec-2023
MONQ50,Nasdaq Q-50 Total Return Index,57.97,58.00,57.02,57.28,57.78,0.50,0.87,12,146,0.07,55.78,58.90,51.36,0.92,18-Jan-2023,7.29,19-Dec-2023
HDFCMID150,HDFC NIFTY Midcap 150 ETF,17.79,17.79,17.49,17.48,17.63,0.15,0.86,38,989,0.07,17.46,18.21,11.07,3.31,-,-,19-Dec-2023
HDFCGROWTH,HDFC NIFTY Growth Sectors 15 ETF,111.57,112.33,111.35,110.85,111.80,0.95,0.86,833,0.01,110.87,112.33,83.30,3.08,18-Jan-2023,26.82,19-Dec-2023
HDFCMOMENT,HDFC NIFTY200 Momentum 30 ETF,28.49,28.49,27.87,27.85,28.09,0.24,0.86,20,760,0.06,27.75,28.75,17.72,1.68,18-Jan-2023,-85.36,19-Dec-2023
CONSUMBEES,Nifty India Consumption TRI,105.95,105.95,104.59,104.39,105.28,0.89,0.85,4,160,0.04,104.21,107.05,76.53,2.3,18-Jan-2023,27.37,19-Dec-2023
IDFNIFTYET,Nifty 50,233.09,233.09,231.51,231.14,233.09,1.95,0.84,67,-,230.24,254.96,176.00,0.32,18-Jan-2023,19.34,19-Dec-2023
MOM100,Nifty Midcap 100,50.75,51.50,50.34,50.28,50.70,0.42,0.84,99,395,0.50,50.15,52.50,30.89,3.56,18-Jan-2023,50.76,19-Dec-2023
ITBEES,Nifty IT TRI,38.74,39.43,38.74,38.76,39.08,0.32,0.83,19,92,692,7.82,38.81,40.00,27.56,3.66,18-Jan-2023,25.97,19-Dec-2023
NEXT50IETF,Nifty Next 50,57.65,57.65,55.57,55.95,56.41,0.46,0.82,16,898,0.10,55.84,58.60,37.10,-,-,-,-
MOMOMENTUM,Nifty 200 Momentum 30 Total Return Index,56.10,56.53,56.08,56.03,56.49,0.46,0.82,7,993,0.05,55.85,58.00,35.53,1.16,18-Jan-2023,45.16,19-Dec-2023
DSPPSBKETF,DSP Nifty PSU Bank ETF,59.05,59.34,58.82,58.65,59.13,0.48,0.82,2,960,0.02,58.61,66.00,43.92,1.73,-,-,19-Dec-2023
DSPITETF,DSP Nifty IT ETF,37.34,37.58,37.30,37.00,37.30,0.30,0.81,17,305,0.06,36.98,39.40,29.00,3.47,-,-,19-Dec-2023
HDFCSENSEX,SENSEX,791.97,793.09,787.84,784.52,790.87,6.35,0.81,618,0.05,783.68,818.25,622.00,-0.11,-,-,19-Dec-2023
DSPGOLDETF,DSP Gold ETF,61.60,62.15,61.00,61.46,61.95,0.49,0.80,157,-,61.51,71.70,55.00,-0.47,-,-,19-Dec-2023
KOTAKCONS,Kotak Nifty India Consumption ETF,96.11,96.82,96.11,95.96,96.72,0.76,0.79,117,-,95.71,100.20,69.42,2.74,18-Jan-2023,27.47,19-Dec-2023
NIF100IETF,Nifty 100,245.80,245.80,239.36,238.63,240.50,1.87,0.78,3,136,0.08,238.37,247.55,231.75,-,-,-,-
PVTBANIETF,Nifty Private Bank Index,237.45,238.04,236.40,235.02,236.83,1.81,0.77,56,601,1.34,235.39,251.10,194.26,-,-,-,-
LICNFNHGP,Nifty 100,231.85,235.73,230.46,232.01,233.75,1.74,0.75,4,309,0.10,232.81,247.70,178.01,0.21,18-Jan-2023,19.42,19-Dec-2023
UTISENSETF,SENSEX,774.97,774.98,768.48,766.35,772.02,5.67,0.74,583,0.05,765.24,811.00,568.90,-0.39,18-Jan-2023,18.59,19-Dec-2023
FMCGIETF,Nifty FMCG Index,577.00,583.24,575.15,577.12,581.26,4.14,0.72,766,0.04,578.05,607.58,447.24,-,-,-,-
SBIETFIT,Nifty IT Index,387.63,394.68,387.63,387.23,390.00,2.77,0.72,3,631,0.14,387.40,399.95,276.25,3.82,18-Jan-2023,25.70,19-Dec-2023
AXISNIFTY,Nifty 50,235.30,235.30,230.51,230.73,232.40,1.67,0.72,3,028,0.07,230.43,240.35,179.30,0.12,18-Jan-2023,19.79,19-Dec-2023
AXISTECETF,NIFTY IT Index,384.88,389.32,384.88,384.88,387.60,2.72,0.71,528,0.02,385.02,396.40,274.64,3.56,18-Jan-2023,25.21,19-Dec-2023
SILVRETF,Mirae Asset Silver ETF,71.19,71.80,70.90,71.00,71.50,0.50,0.70,3,001,0.02,70.91,77.83,67.01,-3.39,-,-,19-Dec-2023
SBIETFCON,Nifty India Consumption Index,98.28,98.28,96.56,96.71,97.37,0.66,0.68,437,-,96.45,100.00,70.45,2.41,18-Jan-2023,27.13,19-Dec-2023
AUTOIETF,Nifty Auto Index,189.67,189.67,187.96,187.95,189.22,1.27,0.68,2,125,0.04,187.69,197.44,120.40,-,-,-,-
UTINIFTETF,Nifty 50,232.00,233.42,231.92,231.15,232.69,1.54,0.67,4,945,0.12,230.70,243.95,146.39,0.11,18-Jan-2023,-88.06,19-Dec-2023
AUTOBEES,Nifty Auto TRI,189.47,189.47,187.74,187.72,188.97,1.25,0.67,16,902,0.32,187.74,194.50,120.20,2.91,18-Jan-2023,45.22,19-Dec-2023
KOTAKIT,NIFTY IT Index,38.94,39.22,38.88,38.70,38.96,0.26,0.67,36,778,0.14,38.58,39.94,27.45,4.09,18-Jan-2023,26.31,19-Dec-2023
SETFNIFBK,Nifty Bank,464.00,467.99,462.71,462.62,465.66,3.04,0.66,16,159,0.75,462.00,493.30,388.50,-4.5,18-Jan-2023,8.35,19-Dec-2023
MOM50,Nifty 50,219.27,220.09,219.27,218.47,219.88,1.41,0.65,236,0.01,217.95,225.80,169.14,0.22,18-Jan-2023,20.03,19-Dec-2023
BANKBEES,Nifty Bank,469.99,474.99,468.50,466.59,469.47,2.88,0.62,5,60,696,26.39,465.95,495.00,391.71,-4.5,18-Jan-2023,8.51,19-Dec-2023
AXISBNKETF,Nifty Bank,466.82,469.59,466.50,464.68,467.54,2.86,0.62,861,0.04,463.89,495.98,389.79,-4.48,18-Jan-2023,8.62,19-Dec-2023
QNIFTY,Nifty 50,2,310.00,2,318.26,2,310.00,2,299.75,2,314.00,14.25,0.62,83,0.02,2,293.87,2,370.00,1,773.80,0.31,18-Jan-2023,19.53,19-Dec-2023
ITIETF,Nifty IT Index,38.70,39.34,38.70,38.73,38.97,0.24,0.62,1,97,939,0.77,38.74,39.96,27.25,-,-,-,-
MOHEALTH,Motilal Oswal S&P BSE Healthcare ETF,32.31,33.15,32.31,32.79,32.99,0.20,0.61,5,410,0.02,32.75,33.68,21.11,5.57,18-Jan-2023,41.34,19-Dec-2023
GOLDETF,Mirae Asset Gold ETF,62.11,62.59,62.00,62.12,62.50,0.38,0.61,4,163,0.03,61.50,69.80,47.60,-0.06,-,-,19-Dec-2023
BANKETF,Mirae Asset Nifty Bank ETF,477.70,477.70,460.00,457.98,460.79,2.81,0.61,3,455,0.16,457.27,553.25,421.00,-4.4,-,-,19-Dec-2023
QUAL30IETF,ICICI Prudential Nifty 200 Quality 30 ETF,186.22,186.92,186.22,185.37,186.48,1.11,0.60,106,-,185.08,189.05,156.80,-,-,-,-
SHARIABEES,Shariah,501.35,502.91,498.82,496.79,499.73,2.94,0.59,427,0.02,495.15,520.00,380.00,3.2,18-Jan-2023,16.96,19-Dec-2023
ESG,NIFTY100 ESG SECTOR LEADERS,35.70,35.86,35.70,35.54,35.75,0.21,0.59,2,044,0.01,35.49,37.31,27.46,0.74,-,-,19-Dec-2023
BSLNIFTY,Nifty 50,25.15,25.15,24.41,24.41,24.55,0.14,0.57,50,518,0.12,24.39,25.75,18.65,0.04,18-Jan-2023,19.36,19-Dec-2023
HDFCPVTBAN,HDFC NIFTY Private Bank ETF,239.00,240.26,238.60,237.26,238.60,1.34,0.56,2,123,0.05,237.44,278.00,197.00,-4.49,18-Jan-2023,9.04,19-Dec-2023
HDFCNIFTY,Nifty 50,236.99,237.15,235.51,234.98,236.30,1.32,0.56,8,321,0.20,234.58,245.40,176.01,0.06,-,-,19-Dec-2023
KOTAKBKETF,Nifty Bank,474.99,474.99,469.00,467.66,470.28,2.62,0.56,11,889,0.56,466.66,498.30,392.32,-4.53,18-Jan-2023,8.83,19-Dec-2023
AXISCETF,NIFTY India Consumption Index,96.76,97.57,96.76,96.72,97.25,0.53,0.55,375,-,96.49,102.35,70.96,2.24,18-Jan-2023,27.60,19-Dec-2023
KOTAKPSUBK,Nifty PSU Bank,594.89,594.90,587.00,586.17,589.42,3.25,0.55,4,030,0.24,584.48,596.59,350.00,2.16,18-Jan-2023,40.15,19-Dec-2023
DSPN50ETF,Nifty 50 Index,215.56,221.91,215.56,219.96,221.14,1.18,0.54,339,0.01,219.28,254.00,170.95,0.27,18-Jan-2023,19.54,19-Dec-2023
ABSLBANETF,Nifty Bank,46.88,46.88,46.13,46.20,46.45,0.25,0.54,12,703,0.06,46.09,49.95,38.70,-4.13,18-Jan-2023,8.50,19-Dec-2023
BANKIETF,Nifty Bank,46.87,46.87,46.37,46.23,46.48,0.25,0.54,56,544,0.26,46.14,50.92,45.99,-,-,-,-
SETFNIF50,Nifty 50,225.21,226.45,225.21,224.45,225.61,1.16,0.52,87,742,1.98,224.10,232.45,174.41,0.26,18-Jan-2023,19.50,19-Dec-2023
MONIFTY500,Motilal Oswal Nifty 500 ETF,19.75,19.75,19.50,19.50,19.60,0.10,0.51,1,50,339,0.29,19.45,20.78,16.30,1.19,-,-,19-Dec-2023
NIFTYIETF,Nifty 50,239.15,239.15,236.18,236.17,237.38,1.21,0.51,32,592,0.77,235.78,250.15,224.95,-,-,-,-
NIFMID150,UTI Nifty Midcap 150 Exchange Traded Fund (ETF),175.49,175.80,175.49,174.94,175.80,0.86,0.49,35,-,174.05,195.00,141.57,-10.14,-,-,19-Dec-2023
LICMFGOLD,Gold,5,719.70,5,719.70,5,679.40,5,659.90,5,687.40,27.50,0.49,30,0.02,-,5,976.60,5,111.00,-0.25,-,-,19-Dec-2023
KOTAKGOLD,Gold,52.61,52.99,52.61,52.61,52.86,0.25,0.48,40,866,0.22,52.75,55.20,47.01,-0.55,18-Jan-2023,8.21,19-Dec-2023
NPBET,Nifty Private Bank Index,241.64,243.70,241.64,241.64,242.80,1.16,0.48,384,0.01,241.09,267.00,199.54,-4.49,18-Jan-2023,10.34,19-Dec-2023
MAKEINDIA,Nifty India Manufacturing Total Return Index,111.83,111.92,111.34,110.94,111.47,0.53,0.48,4,186,0.05,110.89,116.05,67.32,2.06,-,-,19-Dec-2023
NIFTYETF,Nifty 50,228.34,228.95,227.51,227.06,228.14,1.08,0.48,51,382,1.17,226.40,238.00,176.06,0.3,-,-,19-Dec-2023
HDFCNIFBAN,Nifty Bank,470.77,470.77,465.30,463.83,466.00,2.17,0.47,2,995,0.14,462.86,555.00,389.25,-4.18,-,-,19-Dec-2023
AXISGOLD,Gold,53.08,53.08,52.84,52.71,52.95,0.24,0.46,12,811,0.07,52.85,55.60,47.01,-0.11,18-Jan-2023,8.93,19-Dec-2023
NIFTYBEES,Nifty 50,239.99,239.99,237.75,237.51,238.61,1.10,0.46,10,27,244,24.55,237.05,247.35,184.51,0.34,18-Jan-2023,19.56,19-Dec-2023
HDFCQUAL,HDFC NIFTY100 Quality 30 ETF,50.47,50.86,50.33,50.47,50.70,0.23,0.46,21,263,0.11,50.16,52.51,37.06,2.08,18-Jan-2023,30.18,19-Dec-2023
HEALTHY,Nifty Healthcare TRI,11.27,11.27,11.07,11.07,11.12,0.05,0.45,24,054,0.03,11.07,11.42,6.55,4.83,18-Jan-2023,36.50,19-Dec-2023
HDFCNIF100,HDFC NIFTY 100 ETF,22.40,22.40,22.05,22.05,22.15,0.10,0.45,17,964,0.04,21.99,23.00,16.79,0.73,18-Jan-2023,-87.97,19-Dec-2023
QGOLDHALF,Gold,52.89,52.89,52.31,52.26,52.49,0.23,0.44,2,510,0.01,52.28,54.59,43.65,-0.17,18-Jan-2023,8.33,19-Dec-2023
NAVINIFTY,Navi Nifty 50 ETF,216.27,217.61,216.27,215.99,216.92,0.93,0.43,24,-,214.98,230.00,189.00,0.11,-,-,19-Dec-2023
GOLDBEES,Gold,53.12,53.12,52.60,52.49,52.71,0.22,0.42,12,90,521,6.81,52.49,55.30,46.51,-0.19,18-Jan-2023,8.32,19-Dec-2023
SBIETFQLTY,Nifty 200 Quality 30 Index,195.80,197.67,195.80,195.67,196.50,0.83,0.42,750,0.01,195.29,203.15,142.85,2.36,18-Jan-2023,30.50,19-Dec-2023
LOWVOLIETF,Nifty 100 Low Volatility 30 Index,191.65,191.65,185.56,186.05,186.80,0.75,0.40,1,757,0.03,185.67,195.15,174.10,-,-,-,-
GOLDSHARE,Gold,52.85,53.15,52.80,52.85,53.05,0.20,0.38,1,09,591,0.58,52.89,55.45,45.80,0.09,18-Jan-2023,8.97,19-Dec-2023
KOTAKNIFTY,Nifty 50,231.57,233.34,231.57,231.57,232.44,0.87,0.38,4,434,0.10,230.85,239.80,179.60,0.41,18-Jan-2023,19.90,19-Dec-2023
ITETF,Mirae Asset Nifty IT ETF,37.52,37.52,36.96,37.06,37.20,0.14,0.38,5,816,0.02,36.88,40.00,30.40,3.81,-,-,19-Dec-2023
GOLDIETF,Gold,54.25,54.58,54.25,54.20,54.40,0.20,0.37,52,825,0.29,54.01,57.30,53.00,-,-,-,-
HDFCLOWVOL,HDFC NIFTY100 Low Volatility 30 ETF,17.65,17.65,17.28,17.26,17.32,0.06,0.35,6,829,0.01,17.24,17.95,12.56,2.31,18-Jan-2023,-87.21,19-Dec-2023
DSPBANKETF,DSP Nifty Bank ETF,47.44,47.44,46.21,46.15,46.31,0.16,0.35,11,507,0.05,46.03,51.00,35.90,-4.15,18-Jan-2023,8.95,19-Dec-2023
SENSEXETF,Mirae Asset S&P BSE Sensex ETF,71.60,72.47,71.60,71.45,71.70,0.25,0.35,3,808,0.03,71.31,82.00,62.27,-0.94,-,-,19-Dec-2023
HEALTHIETF,Nifty Healthcare Index,111.06,111.78,110.96,110.79,111.18,0.39,0.35,20,987,0.23,110.76,114.85,73.81,-,-,-,-
UTIBANKETF,Nifty Bank,47.17,47.17,46.59,46.54,46.70,0.16,0.34,27,999,0.13,46.46,49.70,39.03,-4.16,18-Jan-2023,8.97,19-Dec-2023
MOLOWVOL,Nifty Midcap 100 TRI,33.85,33.85,33.31,33.43,33.54,0.11,0.33,6,461,0.02,33.26,35.00,21.21,6.5,18-Jan-2023,32.03,19-Dec-2023
NIF100BEES,Nifty 100 TRI,227.29,229.44,227.29,227.29,228.01,0.72,0.32,2,733,0.06,226.77,241.65,171.00,0.76,18-Jan-2023,19.76,19-Dec-2023
HDFCGOLD,Gold,54.22,54.53,54.22,54.16,54.33,0.17,0.31,66,295,0.36,53.99,57.25,48.44,0.18,-,-,19-Dec-2023
EGOLD,Edelweiss Gold ETF,63.95,64.00,63.65,63.75,63.95,0.20,0.31,1,023,0.01,63.54,74.20,60.15,-0.23,-,-,19-Dec-2023
BSLSENETFG,BSE SENSEX Index,70.04,70.47,70.00,69.79,70.00,0.21,0.30,2,546,0.02,69.65,77.00,55.05,-0.21,18-Jan-2023,18.67,19-Dec-2023
EBBETF0431,Nifty BHARAT Bond,1,180.45,1,184.00,1,180.45,1,180.58,1,183.99,3.41,0.29,1,030,0.12,1,182.83,1,203.15,1,099.10,0.39,18-Jan-2023,6.75,19-Dec-2023
NETF,Nifty 50,232.40,232.40,227.99,228.34,229.01,0.67,0.29,554,0.01,226.82,236.75,171.80,0.7,18-Jan-2023,19.93,19-Dec-2023
LICNETFSEN,SENSEX,790.00,790.00,785.20,783.00,785.20,2.20,0.28,50,-,781.60,826.10,620.93,-0.21,18-Jan-2023,18.63,19-Dec-2023
SBIETFPB,Nifty Private Bank Index,241.40,241.40,239.00,238.68,239.36,0.68,0.28,1,155,0.03,238.01,256.05,197.00,-6.12,18-Jan-2023,9.88,19-Dec-2023
LOWVOL,Mirae Asset Nifty 100 Low Volatility 30 ETF,173.30,173.95,172.70,173.25,173.71,0.46,0.27,159,-,172.44,176.08,120.00,2.3,-,-,19-Dec-2023
SETFGOLD,Gold,54.82,54.82,54.24,54.16,54.30,0.14,0.26,1,46,805,0.80,54.01,56.65,48.21,0.15,18-Jan-2023,8.86,19-Dec-2023
HNGSNGBEES,Hang Seng Index,228.99,229.89,227.53,227.44,228.00,0.56,0.25,1,19,948,2.74,226.43,331.75,227.25,-8.51,18-Jan-2023,-26.04,19-Dec-2023
DSPNEWETF,NIFTY 50 Equal Weight Index,273.07,274.23,272.73,272.90,273.58,0.68,0.25,1,589,0.04,271.22,287.96,194.25,1.83,18-Jan-2023,29.64,19-Dec-2023
GSEC5IETF,Nifty 5 yr Benchmark G-Sec Index,54.80,55.00,54.62,54.50,54.63,0.13,0.24,72,-,54.59,62.95,50.30,-,-,-,-
DSPSILVETF,DSP Silver ETF,70.19,70.30,70.12,70.08,70.25,0.17,0.24,2,188,0.02,70.05,78.80,60.52,-3.64,18-Jan-2023,2.08,19-Dec-2023
HDFCBSE500,HDFC S&P BSE 500 ETF,30.50,31.90,30.50,30.98,31.05,0.07,0.23,4,337,0.01,30.90,34.00,22.35,2.08,-,-,19-Dec-2023
HDFCSILVER,HDFC Silver ETF,69.96,70.24,69.20,69.99,70.15,0.16,0.23,20,652,0.14,68.93,77.15,60.89,-3.74,18-Jan-2023,2.97,19-Dec-2023
BSLGOLDETF,Gold,55.44,55.99,55.44,55.39,55.51,0.12,0.22,1,108,0.01,55.49,57.80,42.82,-0.29,18-Jan-2023,8.31,19-Dec-2023
SILVERBEES,Domestic price of Silver- based on LBMA Silver daily spot fixing price,70.03,70.14,70.00,69.85,70.00,0.15,0.21,11,04,209,7.74,69.84,76.27,60.79,-3.5,18-Jan-2023,2.42,19-Dec-2023
DSPPVBKETF,DSP Nifty Private Bank ETF,23.92,23.96,23.79,23.75,23.80,0.05,0.21,14,341,0.03,23.65,28.06,21.75,-4.54,-,-,19-Dec-2023
NIFTYQLITY,Aditya Birla Sun Life Nifty 200 Quality 30 ETF,19.13,19.13,18.70,18.75,18.79,0.04,0.21,96,877,0.18,18.65,20.50,13.41,2.57,18-Jan-2023,30.84,19-Dec-2023
SILVERIETF,Domestic Price of Silver,72.62,72.68,72.41,72.50,72.62,0.12,0.17,80,936,0.59,72.33,79.41,63.09,-,-,-,-
MAHKTECH,Hang Seng TECH Total Return Index,12.64,12.69,12.54,12.64,12.66,0.02,0.16,5,10,741,0.64,11.24,16.96,12.43,-6.58,18-Jan-2023,-19.80,19-Dec-2023
DSPSENXETF,DSP S&P BSE Sensex ETF,71.80,72.19,71.63,71.52,71.63,0.11,0.15,108,-,71.38,83.00,63.03,-0.24,-,-,19-Dec-2023
SILVER,Physical price of Silver,72.74,72.74,72.52,72.48,72.58,0.10,0.14,44,757,0.33,72.36,78.99,57.81,-3.55,18-Jan-2023,2.72,19-Dec-2023
LICNETFGSC,GSEC10 NSE Index,24.85,24.85,24.55,24.55,24.58,0.03,0.12,8,040,0.02,24.55,26.75,22.11,0.66,18-Jan-2023,8.05,19-Dec-2023
SILVERETF,UTI Silver Exchange Traded Fund (UTI Silver ETF),71.05,71.20,71.05,71.04,71.12,0.08,0.11,13,152,0.09,70.50,89.37,66.60,-3.66,-,-,19-Dec-2023
AXISBPSETF,Nifty AAA Bond Plus SDL Apr 2026 50:50 Index,11.80,11.80,11.44,11.44,11.45,0.01,0.09,11,085,0.01,11.45,13.30,10.05,0.62,18-Jan-2023,7.12,19-Dec-2023
EBBETF0430,Nifty BHARAT Bond,1,366.40,1,366.40,1,326.05,1,326.59,1,327.60,1.01,0.08,4,174,0.55,1,326.71,1,398.00,1,040.00,0.7,18-Jan-2023,7.54,19-Dec-2023
AXISILVER,Axis Silver ETF,72.42,72.97,72.41,72.39,72.43,0.04,0.06,1,997,0.01,71.31,79.48,62.81,-3.57,18-Jan-2023,3.19,19-Dec-2023
PHARMABEES,Nifty Pharma TRI,17.62,17.78,17.58,17.61,17.62,0.01,0.06,10,53,940,1.86,17.60,18.45,11.56,5.7,18-Jan-2023,37.47,19-Dec-2023
AXISHCETF,Nifty Healthcare Index,111.13,111.13,110.61,110.57,110.61,0.04,0.04,853,0.01,110.45,113.60,74.05,5.31,18-Jan-2023,36.35,19-Dec-2023
AXSENSEX,AXIS S&P BSE SENSEX ETF,72.12,72.40,72.08,72.05,72.08,0.03,0.04,571,-,71.72,85.00,57.20,0.32,-,-,19-Dec-2023
EBBETF0425,Nifty BHARAT Bond,1,213.15,1,213.15,1,177.56,1,177.83,1,178.01,0.18,0.02,1,360,0.16,1,178.53,1,213.15,1,099.20,0.61,18-Jan-2023,7.12,19-Dec-2023
LIQUID,Mirae Asset Nifty 1D Rate Liquid ETF,999.99,1,000.00,999.99,999.99,999.99,-,-,6,928,0.69,1,000.00,1,000.84,999.00,0,-,-,19-Dec-2023
GSEC10YEAR,Mirae Asset Nifty 8-13 yr G-Sec ETF,-,-,-,25.25,25.25,-,-,-,-,25.27,29.00,19.33,0.48,-,-,19-Dec-2023
HDFCLIQUID,HDFC Nifty 1D Rate Liquid ETF,1,000.01,1,000.01,999.99,1,000.01,1,000.01,-,-,11,-,1,000.00,1,020.00,980.00,0,-,-,19-Dec-2023
LIQUIDSBI,SBI NIFTY 1D Rate ETF,999.99,1,000.01,999.99,1,000.00,1,000.01,0.01,-,3,208,0.32,1,000.00,1,000.01,995.00,0,-,-,19-Dec-2023
LIQUIDIETF,S&P BSE Liquid Rate Index,999.98,1,000.00,999.98,999.99,1,000.00,0.01,-,89,543,8.95,1,000.00,1,200.00,981.35,-,-,-,-
KOTAKLIQ,Kotak Nifty 1D Rate Liquid ETF,-,-,-,999.99,999.99,-,-,-,-,1,000.00,1,004.00,999.00,0,-,-,19-Dec-2023
ABSLLIQUID,Aditya Birla Sun Life CRISIL Overnight Fund AI ETF,1,000.00,1,000.01,999.99,999.99,999.99,-,-,86,0.01,1,000.00,1,002.00,999.01,0,-,-,19-Dec-2023
EBBETF0433,BHARAT Bond ETF-April 2033,1,079.48,1,080.99,1,076.51,1,079.49,1,079.49,-,-,3,360,0.36,1,077.01,1,262.60,858.69,0.92,18-Jan-2023,7.21,19-Dec-2023
SDL26BEES,Nifty SDL Apr 2026 Top 20 Equal Weight Index,117.99,117.99,117.96,117.99,117.99,-,-,45,-,117.92,121.40,107.20,0.77,18-Jan-2023,7.14,19-Dec-2023
LIQUIDETF,Nifty1D rate index,1,000.00,1,000.01,999.99,999.99,999.99,-,-,56,626,5.66,1,000.00,1,045.00,995.30,0,18-Jan-2023,-,19-Dec-2023
TATAGOLD,Tata Gold Exchange Traded Fund,6.35,6.60,6.20,6.20,6.20,-,-,14,43,042,0.91,6.14,8.50,6.10,-,-,-,-
LIQUIDBEES,Government Securities,1,000.00,1,000.01,997.00,999.99,1,000.00,0.01,-,5,04,481,50.45,1,000.00,1,030.00,970.00,0,18-Jan-2023,-,19-Dec-2023
IVZINGOLD,Gold,-,-,-,5,495.00,5,495.00,-,-,-,-,5,480.67,5,714.50,4,883.00,-0.18,18-Jan-2023,8.78,19-Dec-2023
GILT5YBEES,Nifty 5 yr Benchmark G-Sec Index,54.56,54.57,54.48,54.51,54.50,-0.01,-0.02,95,308,0.52,54.50,56.15,49.15,0.74,18-Jan-2023,7.77,19-Dec-2023
MOGSEC,Nifty 5 yr Benchmark G-Sec Index,55.90,55.90,54.18,54.25,54.23,-0.02,-0.04,3,829,0.02,54.20,55.90,48.85,0.74,18-Jan-2023,7.55,19-Dec-2023
BBETF0432,Nifty BHARAT Bond Index - April 2032,1,107.07,1,107.70,1,107.02,1,107.50,1,107.02,-0.48,-0.04,5,548,0.61,1,108.31,1,325.38,844.00,0.44,18-Jan-2023,7.01,19-Dec-2023
SDL24BEES,Nifty CPSE Bond Plus SDL Sep 2024 50:50 Index,118.56,118.56,118.37,118.47,118.38,-0.09,-0.08,1,975,0.02,118.46,121.05,110.46,0.77,18-Jan-2023,7.21,19-Dec-2023
KOTAKMNC,Kotak Nifty MNC ETF,24.26,24.29,24.15,24.17,24.15,-0.02,-0.08,8,508,0.02,24.05,24.75,18.72,1.51,18-Jan-2023,20.85,19-Dec-2023
KOTAKSILVE,Kotak Silver ETF,70.85,70.85,70.22,70.86,70.80,-0.06,-0.08,4,348,0.03,70.48,79.00,60.60,-3.38,18-Jan-2023,3.75,19-Dec-2023
LTGILTBEES,NIFTY 8-13 yr G-Sec Index,24.93,24.94,24.92,24.97,24.94,-0.03,-0.12,2,44,686,0.61,24.92,25.40,22.40,0.64,18-Jan-2023,7.72,19-Dec-2023
ESILVER,Edelweiss Silver ETF,74.26,74.26,73.00,73.10,73.00,-0.10,-0.14,2,196,0.02,72.93,80.97,71.49,-3.52,-,-,19-Dec-2023
KOTAKNV20,Nifty50 Value 20,133.98,134.89,132.32,133.83,133.52,-0.31,-0.23,6,120,0.08,132.24,140.32,97.80,4.5,18-Jan-2023,28.67,19-Dec-2023
SETF10GILT,Nifty 10 yr Benchmark G-Sec Index,223.49,223.50,222.81,223.45,222.90,-0.55,-0.25,5,451,0.12,222.93,227.89,205.94,0.12,18-Jan-2023,8.08,19-Dec-2023
GSEC10IETF,ICICI Prudential Nifty 10 yr Benchmark G-Sec ETF,223.40,223.40,222.90,223.80,222.90,-0.90,-0.40,4,-,222.89,226.34,206.90,-,-,-,-
TATSILV,Tata Silver Exchange Traded Fund,7.13,8.00,7.05,7.12,7.08,-0.04,-0.56,3,25,529,0.23,7.06,9.17,7.00,-,-,-,-
DSPQ50ETF,Nifty Midcap 150 Quality 50 Index,211.12,211.40,209.87,212.48,210.86,-1.62,-0.76,1,648,0.03,209.20,215.15,151.15,3.94,18-Jan-2023,32.38,19-Dec-2023
KOTAKLOVOL,Kotak Nifty 100 Low Vol 30 ETF,17.84,17.84,17.63,17.83,17.65,-0.18,-1.01,17,181,0.03,17.55,18.55,12.55,4.09,18-Jan-2023,30.34,19-Dec-2023
LICNETFN50,Nifty 50,240.37,240.37,235.01,240.74,235.51,-5.23,-2.17,1,742,0.04,233.73,245.00,181.99,3.19,18-Jan-2023,23.24,19-Dec-2023
